{"cameraMode":{"drawMode":0,"name":"Shaded","section":"Shading Mode"},"sceneLighting":false,"audioPlay":false,"sceneViewState":{"showFog":true,"showMaterialUpdate":false,"showSkybox":true,"showFlares":true,"showImageEffects":true,"showParticleSystems":true},"in2DMode":false,"pivot":{"x":20.40134048461914,"y":1.5124940872192383,"z":36.14893341064453},"rotation":{"x":0.09298373013734818,"y":-0.54863041639328,"z":0.05822793394327164,"w":0.8297786116600037},"size":4.759871006011963,"orthographic":false}