{"cameraMode":{"drawMode":0,"name":"Shaded","section":"Shading Mode"},"sceneLighting":true,"audioPlay":false,"sceneViewState":{"showFog":true,"showMaterialUpdate":false,"showSkybox":false,"showFlares":true,"showImageEffects":true,"showParticleSystems":true},"in2DMode":false,"pivot":{"x":13.051925659179688,"y":-96.24639892578125,"z":-80.53089904785156},"rotation":{"x":-0.04297074303030968,"y":-0.8983553051948547,"z":0.4280204474925995,"w":-0.09716041386127472},"size":141.90000915527345,"orthographic":false}